1,2,3,4,5,6,7,8,9,10,11,12,13,14,15,16,17,18,19,20,21,22,23,24,25,26,27,28,29,30,31,32,33,34,35,36,37,38,39,40,41,42,43,44,45,46,47,48,49,50,51,52,53,54,55,56,57,58,59,60,61,62,63,64,65,66,67,68,69,70,71,72,73,74,75,76,77,78,79,80,81,82,83,84,85,86,87,88,89,90,91,92,93,94,95,96,97,98,99,100,101,102,103,104,105,106,107,108,109,110,111,112,113,114,115,116,117,118,119,120,121,122,123,124,125,126,127,128,path
-0.1146344244480133,-0.037159956991672516,0.09321726113557816,-0.010064271278679371,-0.10274570435285568,-0.02595175988972187,-0.0026989541947841644,-0.02584410086274147,0.12134692072868347,-0.1420409381389618,0.15236012637615204,-0.12063562124967575,-0.2073478102684021,0.07932308316230774,-0.09139737486839294,0.12075504660606384,-0.11808034032583237,-0.1518026441335678,-0.12146653234958649,-0.13070516288280487,-0.004389599896967411,0.06133688986301422,-0.055089399218559265,0.05704810470342636,-0.2548718750476837,-0.27131232619285583,-0.04685728996992111,-0.1697981059551239,-0.019664132967591286,-0.02780199609696865,-0.05813746899366379,0.06883387267589569,-0.11828261613845825,0.013074212707579136,0.04741009324789047,0.04957713186740875,-0.050199709832668304,-0.015612018294632435,0.2606096565723419,0.0678950846195221,-0.21484170854091644,0.028832916170358658,0.12704874575138092,0.3156784474849701,0.21615685522556305,0.030444294214248657,0.014206169173121452,-0.07066448777914047,0.2070285528898239,-0.340328574180603,0.077325239777565,0.1493992954492569,0.14378918707370758,0.11494893580675125,0.15743592381477356,-0.13134372234344482,0.009792875498533249,0.17129603028297424,-0.1620127111673355,0.13989180326461792,0.023342713713645935,-0.01254093088209629,-0.00585909653455019,-0.03860196843743324,0.21470777690410614,0.1465492993593216,-0.07257553935050964,-0.11672130227088928,0.2244647592306137,-0.22888419032096863,-0.06979218125343323,0.15887409448623657,-0.07611603289842606,-0.159073606133461,-0.21892297267913818,-0.04009591042995453,0.36795270442962646,0.1466999500989914,-0.14782896637916565,0.034182365983724594,-0.05583501234650612,-0.026468444615602493,0.1363096684217453,0.0188472718000412,-0.07873337715864182,-0.028930794447660446,-0.036366015672683716,-0.005661703646183014,0.3080315589904785,-0.019329966977238655,0.015760570764541626,0.19126202166080475,0.05842968076467514,-0.08210925757884979,0.06743863224983215,0.007159114815294743,-0.14091163873672485,-0.07067997008562088,-0.13224495947360992,-0.0575123131275177,0.01948634721338749,-0.05154789611697197,0.018150413408875465,0.04519505798816681,-0.2746443450450897,0.16562730073928833,-0.06955479085445404,-0.05456962063908577,-0.040712449699640274,-0.004760269075632095,-0.04447411745786667,0.0784406065940857,0.18947850167751312,-0.2654760181903839,0.12935636937618256,0.09354124963283539,-0.02073638327419758,0.10575272142887115,0.01099268440157175,-0.035947687923908234,-0.049713484942913055,-0.020575128495693207,-0.1656244844198227,-0.0913345217704773,0.05055954307317734,-0.05666910856962204,0.037376146763563156,0.02201283909380436,./DataSet/30/S10_8.jpg
-0.0870879590511322,0.005816982127726078,0.022235412150621414,-0.08116770535707474,-0.05122026428580284,0.032336149364709854,0.03559122234582901,-0.06277844309806824,0.13117964565753937,-0.17294985055923462,0.18190133571624756,0.020299827679991722,-0.26785629987716675,-0.08436454832553864,0.07904291898012161,0.06596969068050385,-0.0345693901181221,-0.10624782741069794,-0.1364789754152298,-0.10200834274291992,0.016702299937605858,0.033272918313741684,-0.013165649957954884,0.04882262647151947,-0.16419368982315063,-0.2792530059814453,-0.089278943836689,-0.10441330075263977,-0.058873534202575684,-0.11348585784435272,-0.0644824281334877,0.06111833453178406,-0.14568443596363068,-0.059157006442546844,0.03256598860025406,0.12163093686103821,-0.12667930126190186,-0.03157670795917511,0.24713318049907684,0.07296251505613327,-0.1603734791278839,0.013223910704255104,0.09487376362085342,0.30565401911735535,0.19131605327129364,-0.01324142049998045,0.002035928890109062,0.009154507890343666,0.2547643482685089,-0.30645155906677246,0.03721891716122627,0.13223925232887268,0.168272003531456,0.15675319731235504,0.051989637315273285,-0.12954658269882202,0.09211685508489609,0.11003383249044418,-0.25443264842033386,0.11359770596027374,0.08975615352392197,-0.24982886016368866,-0.09151766449213028,0.007789222523570061,0.20671135187149048,0.13250109553337097,-0.13167457282543182,-0.17624890804290771,0.13384364545345306,-0.19381064176559448,-0.025989660993218422,0.14142972230911255,-0.16504837572574615,-0.17306682467460632,-0.21745142340660095,0.10787194967269897,0.34415024518966675,0.2026197910308838,-0.09384289383888245,-0.014120453037321568,-0.12672759592533112,-0.0026520323008298874,0.040868304669857025,0.05721588060259819,-0.023956390097737312,-0.022500380873680115,-0.05428950488567352,0.06091399863362312,0.22882124781608582,-0.017883481457829475,-0.02965368516743183,0.22299878299236298,0.0630674809217453,0.057449616491794586,0.04339229315519333,0.022695466876029968,-0.13882939517498016,-0.07707479596138,-0.12329636514186859,0.03467873856425285,-0.03091210126876831,-0.1949390321969986,0.07176266610622406,0.055390965193510056,-0.21655620634555817,0.25959455966949463,-0.058583881705999374,-0.011250460520386696,-0.023390136659145355,-0.033805135637521744,-0.11257034540176392,0.01485242135822773,0.09519291669130325,-0.29536300897598267,0.18632088601589203,0.16596470773220062,0.09217843413352966,0.11966782063245773,0.049986932426691055,0.03981474041938782,-0.02967250347137451,-0.012605101801455021,-0.17092925310134888,-0.10644711554050446,0.05212532728910446,0.03844781965017319,0.06637894362211227,-0.013393577188253403,./DataSet/30/S12_6.jpg
0.0028730686753988266,0.10245782136917114,-0.04960808530449867,0.010579025372862816,-0.11437994986772537,0.010971598327159882,-0.011280275881290436,-0.08790381252765656,0.04235265776515007,-0.0008368752896785736,0.27410104870796204,-0.07216852158308029,-0.2490983009338379,-0.038374513387680054,-0.039885248988866806,0.08599305152893066,-0.1630958765745163,-0.055682018399238586,-0.1965283751487732,-0.08664816617965698,-0.014428684487938881,-0.08069680631160736,0.05878733843564987,0.03865250572562218,-0.1077614277601242,-0.23518340289592743,-0.032318972051143646,-0.09161550551652908,0.13239331543445587,-0.08970583975315094,0.10787148028612137,0.018578117713332176,-0.1491571068763733,-0.05975429713726044,0.023430148139595985,0.07256792485713959,-0.06181486323475838,-0.08623622357845306,0.24584797024726868,-0.053885187953710556,-0.19347266852855682,0.09280958026647568,0.07141537219285965,0.2620529234409332,0.22964109480381012,0.02633586712181568,0.014144828543066978,-0.07118014246225357,0.0821671411395073,-0.2467840313911438,-0.0211025457829237,0.14338018000125885,0.13095271587371826,0.019913358613848686,0.03424489125609398,-0.12115852534770966,0.06114855408668518,0.13313917815685272,-0.18739421665668488,0.03525924310088158,0.05345947667956352,-0.1453360915184021,-0.04095458984375,-0.08513356000185013,0.12814997136592865,0.08441329002380371,-0.09160938858985901,-0.13712923228740692,0.1968567669391632,-0.183853417634964,-0.07133110612630844,0.11368320882320404,-0.05413017049431801,-0.1411789357662201,-0.329785019159317,0.0201621912419796,0.4776470959186554,0.14158372581005096,-0.14984573423862457,0.010392538271844387,-0.012281930074095726,-0.01968156360089779,0.008134542033076286,0.08412045240402222,-0.11784709990024567,-0.1293109506368637,-0.13931016623973846,0.019968625158071518,0.154123917222023,-0.07488081604242325,-0.02709251642227173,0.12564535439014435,0.01185096800327301,-0.03885286673903465,0.05473656579852104,0.09067202359437943,-0.16263331472873688,0.01024886779487133,-0.10473130643367767,-0.016830887645483017,0.10293123871088028,-0.18338823318481445,0.06897864490747452,0.06610213965177536,-0.16364558041095734,0.13194015622138977,-0.0478137768805027,-0.06299237161874771,0.084415003657341,0.02999946102499962,-0.010696313343942165,0.021438410505652428,0.23180630803108215,-0.26507797837257385,0.21161393821239471,0.2160322666168213,0.020053619518876076,0.08358164131641388,0.1396244615316391,0.1301988661289215,-0.03342239558696747,0.047524016350507736,-0.16694407165050507,-0.16691537201404572,-0.12172235548496246,-0.04312990605831146,0.04682701453566551,0.021876834332942963,./DataSet/30/S13_2.jpg
-0.03325864300131798,0.08541962504386902,0.05242841690778732,-0.008139722049236298,-0.15821348130702972,0.05995495617389679,0.02220406010746956,0.012167468667030334,0.12096956372261047,-0.041891973465681076,0.19820235669612885,-0.09754987806081772,-0.18886816501617432,-0.058706000447273254,0.07029493153095245,0.09647005796432495,-0.11480072140693665,-0.12356613576412201,-0.17621947824954987,-0.11860960721969604,-0.009054603055119514,-0.022360075265169144,-0.04603077098727226,-0.03414425626397133,-0.1668051779270172,-0.32498466968536377,-0.022494185715913773,-0.1256125271320343,0.09073761850595474,-0.16543564200401306,0.06636088341474533,0.01944902539253235,-0.18825632333755493,-0.11244434863328934,-0.004135295748710632,0.04981015622615814,-0.20393864810466766,-0.07701122760772705,0.21903173625469208,-0.06670266389846802,-0.1587008386850357,0.06499088555574417,0.08561073988676071,0.17941412329673767,0.21903105080127716,0.07628971338272095,-0.004856586456298828,-0.044529784470796585,0.13561999797821045,-0.3269972503185272,0.014478683471679688,0.17005406320095062,0.10476670414209366,0.16584734618663788,0.09921890497207642,-0.09916258603334427,0.014554223045706749,0.14704404771327972,-0.19477421045303345,0.10423698276281357,0.009276844561100006,-0.09962703287601471,-0.0713869109749794,-0.07453832030296326,0.14865246415138245,0.07073704898357391,-0.04448537528514862,-0.14300769567489624,0.14855529367923737,-0.15784502029418945,-0.09026339650154114,0.14195555448532104,-0.044566262513399124,-0.21395528316497803,-0.2633361220359802,0.08379381895065308,0.30092552304267883,0.15573592483997345,-0.1551409214735031,-0.03904406726360321,0.00626023905351758,-0.016934286803007126,0.024735502898693085,0.01036444678902626,-0.0488303005695343,-0.1533990055322647,-0.04901774600148201,0.032402150332927704,0.20199133455753326,-0.08997978270053864,0.0010264788288623095,0.1732659488916397,0.02208285592496395,0.03223738446831703,-0.031866755336523056,0.029190395027399063,-0.0972365140914917,0.015063364058732986,-0.12432903796434402,-0.03143310546875,0.1546972543001175,-0.05048297345638275,0.008959365077316761,0.0633440762758255,-0.14648674428462982,0.199075385928154,-0.048385389149188995,-0.024480901658535004,-0.0126268919557333,-0.06991515308618546,-0.07260539382696152,0.07869255542755127,0.23184069991111755,-0.24478013813495636,0.267861545085907,0.22630438208580017,-0.03431284427642822,0.08876846730709076,0.1275983303785324,-0.008342836983501911,0.017271962016820908,-0.03303617984056473,-0.22939138114452362,-0.09825073182582855,0.023465488106012344,-0.011510511860251427,-0.047035686671733856,0.01760305091738701,./DataSet/30/S15_8.jpg
-0.10948559641838074,0.01237450074404478,-0.04055796563625336,-0.032065004110336304,-0.06939677149057388,-0.08902357518672943,0.03014899045228958,-0.03488913178443909,0.11623533815145493,-0.024695802479982376,0.19210359454154968,-0.04376320168375969,-0.34713566303253174,-0.11652649194002151,-0.03855498880147934,0.08735911548137665,-0.09329220652580261,-0.050834059715270996,-0.1384020298719406,-0.17737168073654175,0.07539558410644531,0.012411300092935562,0.08549239486455917,-0.028992943465709686,-0.12029248476028442,-0.2609764337539673,-0.117052361369133,-0.07632655650377274,0.07055866718292236,-0.10992714762687683,0.09764678031206131,0.1271868795156479,-0.16066601872444153,-0.0608697235584259,0.03068859688937664,0.10132969170808792,-0.06677369028329849,-0.08735869824886322,0.24648553133010864,-0.03197323903441429,-0.0848025232553482,-0.07813361287117004,0.07165500521659851,0.2634545862674713,0.1666901558637619,-0.0412689670920372,0.011606015264987946,-0.09169372916221619,0.09185437858104706,-0.21610575914382935,-0.017247658222913742,0.21675609052181244,0.07817571610212326,0.13821154832839966,0.11202377825975418,-0.05192800611257553,0.15152761340141296,0.24105679988861084,-0.2967734634876251,0.006399859674274921,0.017088528722524643,-0.07384613901376724,-0.0868709608912468,-0.036228638142347336,0.17079873383045197,0.09943455457687378,-0.10350332409143448,-0.18155279755592346,0.21214605867862701,-0.20278996229171753,-0.038839370012283325,0.1448204517364502,-0.10916657745838165,-0.19990146160125732,-0.24170345067977905,0.0691397488117218,0.337257444858551,0.18187618255615234,-0.08923368901014328,0.07913384586572647,-0.042763397097587585,-0.11175816506147385,0.06003712862730026,0.009393790736794472,-0.16811299324035645,-0.016614150255918503,-0.09746628999710083,0.07305587828159332,0.13989952206611633,-0.023875350132584572,-0.029568778350949287,0.2067294716835022,0.06419017910957336,-0.007500258274376392,0.08094306290149689,0.03210962936282158,-0.10649403184652328,-0.0017977566458284855,-0.12811487913131714,-0.023554028943181038,0.14755120873451233,-0.24585328996181488,0.04623204469680786,0.05601225048303604,-0.09411396086215973,0.13348135352134705,-0.023871222510933876,-0.04524042829871178,-0.051390621811151505,-0.09379550814628601,-0.07533518970012665,0.03895343467593193,0.1583547443151474,-0.2898207902908325,0.2414182722568512,0.15864962339401245,0.008217057213187218,0.11611247062683105,0.07058240473270416,0.11679275333881378,-0.02610884979367256,-0.07045377790927887,-0.10172131657600403,-0.07354044914245605,0.02405647188425064,0.014847961254417896,0.02681613340973854,-0.014241574332118034,./DataSet/30/S18_1.jpg
-0.05256234481930733,-0.0049345772713422775,-0.06216411665081978,-0.06490126997232437,-0.055143024772405624,0.005937851034104824,0.04818940907716751,-0.016122493892908096,0.19754041731357574,-0.09628422558307648,0.15348614752292633,-0.0025441711768507957,-0.21909718215465546,0.01539734285324812,-0.005273810587823391,0.033798329532146454,-0.22546519339084625,-0.0599907711148262,-0.15811820328235626,-0.10209524631500244,0.05380063131451607,0.027675608173012733,-0.0220603346824646,0.07999072968959808,-0.262102335691452,-0.22790002822875977,-0.0638645738363266,-0.2396877557039261,0.03769811987876892,-0.12253759801387787,0.05856055021286011,0.008822807110846043,-0.16357016563415527,-0.04547416791319847,0.006240059621632099,0.03156319633126259,-0.04228539764881134,-0.05688028037548065,0.25073009729385376,0.027776643633842468,-0.1287432312965393,0.003736292477697134,0.02533247321844101,0.2612689733505249,0.13128969073295593,-0.011737212538719177,0.0482785701751709,-0.04678932577371597,0.23434796929359436,-0.2587100565433502,0.07095692306756973,0.10088971257209778,0.17219871282577515,0.11146868765354156,0.11716971546411514,-0.19903996586799622,0.029944971203804016,0.14620402455329895,-0.21662496030330658,0.2083696722984314,0.06201432645320892,-0.031230518594384193,0.0006004590541124344,-0.01406039297580719,0.1067327931523323,0.03608645126223564,-0.10850388556718826,-0.12235932052135468,0.19434140622615814,-0.21164971590042114,0.013500187546014786,0.12426770478487015,-0.0849689319729805,-0.24471300840377808,-0.23494215309619904,0.03747810050845146,0.3384869396686554,0.19625823199748993,-0.11610176414251328,-0.05770765244960785,-0.10552679747343063,-0.048878323286771774,0.0385601781308651,0.005530362017452717,-0.0824110209941864,-0.014343730174005032,-0.046700913459062576,0.09634993970394135,0.24232488870620728,-0.0114499032497406,-0.002477478003129363,0.23922130465507507,0.006858554668724537,-0.06736309826374054,0.0020083938725292683,-0.006044694222509861,-0.15953472256660461,-0.0013827010989189148,-0.04378516972064972,0.1147468313574791,0.03362726420164108,-0.19827903807163239,0.026617102324962616,0.05693832412362099,-0.18382099270820618,0.1367080807685852,-0.05845947563648224,-0.07875235378742218,-0.07387587428092957,0.0453692227602005,-0.22815866768360138,-0.00153664022218436,0.2560378909111023,-0.25740277767181396,0.2005491852760315,0.19225507974624634,0.047330714762210846,0.12397897243499756,0.007277218624949455,0.04537974298000336,-0.0163409486413002,0.010551553219556808,-0.20040802657604218,-0.08244214206933975,0.01576535776257515,-0.015545344911515713,-0.0008641146123409271,-0.010397112928330898,./DataSet/30/S19_8.jpg
-0.09339538216590881,0.09857945144176483,0.00781195517629385,-0.029156941920518875,-0.05998915061354637,-0.012899911031126976,-0.03544687479734421,-0.09811297804117203,0.18324625492095947,-0.0760764628648758,0.1645909994840622,-0.01977861486375332,-0.2581963837146759,-0.1729198396205902,0.13401462137699127,0.1389969140291214,-0.10121011734008789,-0.16540487110614777,-0.11913030594587326,-0.06776391714811325,-0.05791398137807846,0.019751958549022675,-0.0013762779999524355,0.07985438406467438,-0.1340002864599228,-0.37136727571487427,-0.09533117711544037,-0.14422321319580078,-0.0010165469720959663,-0.0638621598482132,0.03437048941850662,0.07349644601345062,-0.145477756857872,-0.06559111177921295,0.06938846409320831,0.12480835616588593,-0.06148634850978851,-0.004277961794286966,0.21957790851593018,-6.77201896905899e-05,-0.19865700602531433,-0.015259254723787308,0.030951831489801407,0.23431047797203064,0.20525974035263062,0.06010465696454048,0.01332949846982956,-0.007723948918282986,0.17696453630924225,-0.25587835907936096,0.0551891103386879,0.15715430676937103,0.13573531806468964,0.07464955002069473,0.11213448643684387,-0.14306341111660004,0.07575445622205734,0.13412226736545563,-0.34233367443084717,0.09228058904409409,0.007521454710513353,-0.17532052099704742,-0.0777701660990715,0.07211815565824509,0.18988880515098572,0.122879259288311,-0.12409467250108719,-0.11934391409158707,0.18530024588108063,-0.21759837865829468,0.005483935587108135,0.17115923762321472,-0.09498723596334457,-0.22546468675136566,-0.30623364448547363,0.035585854202508926,0.4343496561050415,0.14193984866142273,-0.2251063585281372,-0.05698061361908913,0.007061778102070093,-0.06484787166118622,0.08005248010158539,0.08860079944133759,-0.05290926247835159,-0.14237038791179657,-0.10744587332010269,-0.005560818128287792,0.20810209214687347,0.038154955953359604,-0.024407686665654182,0.2611382305622101,0.03713734447956085,0.056923020631074905,0.00442547956481576,0.08147517591714859,-0.0333857536315918,-0.08861078321933746,-0.07147593051195145,-0.0318981409072876,0.060300059616565704,-0.08676958084106445,-0.025244208052754402,0.040933433920145035,-0.16842101514339447,0.20327194035053253,0.021599920466542244,-0.005554875358939171,-0.057279057800769806,-0.001088454620912671,-0.07357572019100189,-0.0032186987809836864,0.19598428905010223,-0.286578506231308,0.2153141349554062,0.1844310313463211,-0.04541490226984024,0.1296210139989853,-0.026556672528386116,0.037640832364559174,-0.013292018324136734,-0.14246320724487305,-0.14736482501029968,-0.14384610950946808,0.018914930522441864,-0.04309845715761185,0.059190746396780014,0.012675220146775246,./DataSet/30/S1_1.jpg
-0.07441426813602448,0.057151198387145996,-0.01134464517235756,0.00017714151181280613,-0.002747868187725544,-0.001135614700615406,-0.020003225654363632,-0.03842531517148018,0.161472886800766,-0.05050072818994522,0.105745829641819,0.024358516559004784,-0.2166682779788971,-0.011975974775850773,-0.06853370368480682,0.03686020150780678,-0.15873968601226807,-0.10753115266561508,-0.11742009222507477,-0.06218135356903076,0.08286553621292114,6.351410411298275e-05,0.0001819998142309487,-0.0004943357780575752,-0.13544122874736786,-0.21371467411518097,-0.0890955924987793,-0.11665573716163635,0.026566147804260254,-0.12770241498947144,-0.0754324272274971,0.015518445521593094,-0.2198220193386078,-0.09439465403556824,-0.04663035273551941,0.012911627069115639,-0.05296986177563667,-0.028103480115532875,0.18421830236911774,0.042775463312864304,-0.14735975861549377,0.07563050836324692,0.054607320576906204,0.2489628940820694,0.21386753022670746,0.04762779548764229,-0.09816128760576248,-0.051972512155771255,0.10400401055812836,-0.24771273136138916,0.008661385625600815,0.23913352191448212,0.12300426512956619,0.14583870768547058,0.06558455526828766,-0.12609122693538666,0.08311456441879272,0.01506010815501213,-0.160309836268425,0.0797850638628006,0.02869565039873123,-0.08714479207992554,0.029113121330738068,-0.017492936924099922,0.057955626398324966,0.06135725602507591,-0.03429063782095909,-0.10615706443786621,0.10838231444358826,-0.17451559007167816,-0.03549119830131531,0.04724907875061035,-0.07704539597034454,-0.2341812551021576,-0.23426750302314758,0.037765346467494965,0.30639874935150146,0.23443564772605896,-0.1307317465543747,0.09800469875335693,-0.09210801124572754,-0.09055554866790771,0.07760446518659592,0.01574081927537918,-0.09699542820453644,0.03470156341791153,-0.08809209614992142,0.06672312319278717,0.16153307259082794,-0.006096272729337215,-0.015431588515639305,0.1720980703830719,0.006456933915615082,0.01430259458720684,0.07072526216506958,0.062008995562791824,-0.11873741447925568,0.007998775690793991,-0.17569637298583984,0.021739184856414795,0.03641378507018089,-0.1390259563922882,0.0009830174967646599,0.06869331002235413,-0.10671892017126083,0.09860630333423615,0.027570975944399834,-0.05879008769989014,-0.07658752799034119,0.010293226689100266,-0.12204524874687195,0.014480256475508213,0.12009987235069275,-0.20152606070041656,0.24646201729774475,0.18301117420196533,-0.01408177986741066,0.10061167925596237,0.0975116416811943,0.06491731107234955,-0.049562953412532806,-0.000653659924864769,-0.13823263347148895,-0.12217068672180176,0.024669978767633438,0.055948447436094284,0.052669890224933624,0.032337408512830734,./DataSet/30/S20_10.jpg
-0.08788542449474335,0.11367346346378326,-0.11531567573547363,-0.079116091132164,-0.02562660537660122,0.0496516115963459,0.04655252769589424,-0.10048933327198029,0.13301825523376465,-0.09296660870313644,0.18988844752311707,0.0021415716037154198,-0.28020456433296204,-0.1652519702911377,0.13078811764717102,0.10209814459085464,-0.15207940340042114,-0.13686591386795044,-0.172109454870224,-0.1306609809398651,-0.0069851940497756,0.08247977495193481,0.00227521825581789,0.026888517662882805,-0.20270204544067383,-0.20049931108951569,-0.0063917869701981544,-0.13755491375923157,0.028425177559256554,-0.09033321589231491,0.1384519636631012,0.16343377530574799,-0.15090718865394592,0.012781773693859577,0.046337857842445374,0.09676624834537506,-0.11178190261125565,-0.015829002484679222,0.25285467505455017,0.017805268988013268,-0.11885550618171692,-0.018216107040643692,0.027522165328264236,0.2746242880821228,0.2129237949848175,-0.08089961111545563,0.04035833477973938,-0.09941454231739044,0.19986645877361298,-0.20918160676956177,-0.05535290390253067,0.16906367242336273,0.0950734093785286,0.13902676105499268,0.058080561459064484,-0.14695993065834045,0.045939043164253235,0.1822066605091095,-0.22406646609306335,0.038725465536117554,0.0030255187302827835,-0.16354773938655853,-0.07383878529071808,-0.07337235659360886,0.1680360585451126,0.03420861065387726,-0.10297266393899918,-0.17004546523094177,0.19337549805641174,-0.13525649905204773,-0.11281166970729828,0.18520745635032654,-0.12960797548294067,-0.18567782640457153,-0.2054998278617859,0.034285735338926315,0.2889505624771118,0.16490544378757477,-0.12720461189746857,0.039990440011024475,-0.011576266959309578,-0.08126065135002136,0.03677695617079735,0.11782468110322952,-0.04904307425022125,-0.12618689239025116,-0.011588258668780327,0.04928331822156906,0.22535423934459686,-0.026967564597725868,-0.015302667394280434,0.2057584673166275,0.036108292639255524,0.010886781848967075,-0.0088321752846241,-0.07421091943979263,-0.09181219339370728,0.004158802796155214,-0.06128545477986336,-0.05810432508587837,-0.020336773246526718,-0.1486191749572754,0.06625768542289734,0.0871792808175087,-0.09210421144962311,0.27554163336753845,0.003891836619004607,0.05264544114470482,-0.025933487340807915,-0.02405237779021263,0.021906353533267975,0.053891222923994064,0.14528369903564453,-0.2471812516450882,0.23811687529087067,0.12362013012170792,0.00910433940589428,0.1237233355641365,0.03861689940094948,0.14151449501514435,-0.054062336683273315,0.026889290660619736,-0.23084306716918945,-0.06705828756093979,0.08022928982973099,0.025526491925120354,0.04361652955412865,-0.030363978818058968,./DataSet/30/S21_5.jpg
-0.21500785648822784,0.07476460933685303,0.03587739169597626,0.09127930551767349,-0.03256121650338173,-0.06130630150437355,0.06132642552256584,-0.06450100243091583,0.13633093237876892,-0.009192154742777348,0.2667883336544037,-0.02754780277609825,-0.14858494699001312,-0.10479027032852173,0.12092440575361252,0.06593158096075058,-0.20522910356521606,-0.06070556491613388,-0.08733834326267242,-0.17243029177188873,0.012857187539339066,-0.03378332033753395,-0.01802890934050083,0.06366558372974396,-0.14844560623168945,-0.21365323662757874,-0.06117614358663559,-0.1705644726753235,0.1543794721364975,-0.0638464167714119,0.059899017214775085,-0.006042772904038429,-0.2550693154335022,-0.0919535905122757,-0.04338240996003151,0.01541515439748764,0.04896209016442299,0.010270900093019009,0.19457076489925385,-0.046239495277404785,-0.13592731952667236,-0.09860313683748245,0.01652727834880352,0.2552461624145508,0.15425989031791687,0.0711299329996109,-0.07369956374168396,0.07951915264129639,0.09866953641176224,-0.2128775417804718,0.040732767432928085,0.11681648343801498,0.20183081924915314,0.06357945501804352,-0.07588164508342743,-0.19007690250873566,-0.03736662492156029,0.023834606632590294,-0.19732794165611267,0.036625850945711136,0.07797413319349289,-0.11509457975625992,-0.07704690098762512,-0.034216854721307755,0.2683223783969879,0.14107003808021545,-0.09577516466379166,-0.15504364669322968,0.13968557119369507,-0.15291303396224976,-0.004877943079918623,0.14361751079559326,-0.09573017060756683,-0.13468527793884277,-0.306729257106781,0.12230458110570908,0.4007684290409088,0.07144410908222198,-0.15122908353805542,-0.07359418272972107,-0.20763321220874786,0.035249870270490646,0.0003625873941928148,0.0033528630156069994,-0.07622220367193222,-0.014467423781752586,-0.09202685952186584,-0.021689891815185547,0.15305078029632568,-0.023585572838783264,-0.06857842206954956,0.15073911845684052,-0.010906988754868507,-0.02741393819451332,-0.03256843239068985,-0.004684154409915209,-0.03064114972949028,-0.036304157227277756,-0.020427364856004715,-0.018944811075925827,0.06247608736157417,-0.08242381364107132,0.054822832345962524,0.0891515463590622,-0.22622062265872955,0.16855651140213013,0.039688535034656525,0.010034945793449879,0.020053042098879814,0.08109719306230545,-0.12262566387653351,-0.05665057525038719,0.16474229097366333,-0.27484047412872314,0.24181655049324036,0.16741637885570526,-0.02567656897008419,0.1766476035118103,0.0016213180497288704,0.1616256982088089,-0.0885365679860115,0.046902965754270554,-0.10113561153411865,-0.09063491970300674,0.03966794162988663,-0.046282440423965454,0.04757179319858551,0.037139277905225754,./DataSet/30/S22_7.jpg
-0.07734544575214386,0.0622410774230957,0.011602569371461868,-0.0740758404135704,-0.03638765215873718,0.11253105849027634,0.006344235502183437,-0.04779592156410217,0.12430816888809204,-0.02091698907315731,0.2045782506465912,-0.0059181395918130875,-0.2976566553115845,-0.08648370206356049,0.06121557950973511,0.11084673553705215,-0.14255526661872864,-0.09250417351722717,-0.1353747546672821,-0.002632920630276203,-0.05106924846768379,0.09516683965921402,0.009893511421978474,-0.02199518121778965,-0.10032892227172852,-0.32782071828842163,-0.08203595131635666,-0.15354694426059723,0.06723876297473907,-0.10761988162994385,-0.04006490483880043,0.012441816739737988,-0.15157881379127502,-0.05035986751317978,0.0368751585483551,0.0339062362909317,-0.18037907779216766,-0.12782889604568481,0.23209811747074127,0.0997963547706604,-0.15821625292301178,-0.08944614231586456,0.04925409331917763,0.23840108513832092,0.18118318915367126,0.02285255305469036,0.019941361621022224,-0.08195087313652039,0.11255430430173874,-0.2617919147014618,0.08689305931329727,0.14269012212753296,0.16890734434127808,0.15420493483543396,0.08029451221227646,-0.1472802609205246,0.04720456153154373,0.10124437510967255,-0.2965884506702423,0.07252377271652222,0.05031011253595352,-0.06321429461240768,-0.09279512614011765,-0.06015140935778618,0.1804323047399521,0.15092915296554565,-0.09835276752710342,-0.19505488872528076,0.19518831372261047,-0.14199459552764893,-0.0718236118555069,0.1476469784975052,-0.09768099337816238,-0.22057771682739258,-0.21769900619983673,0.0704224705696106,0.2764716148376465,0.1726262867450714,-0.15873019397258759,-0.0860380306839943,-0.018125690519809723,-0.1157907173037529,0.04148733615875244,0.09733207523822784,-0.07103331387042999,-0.05891755595803261,-0.015282686799764633,-0.014800390228629112,0.16373896598815918,-0.0482315793633461,-0.02263881266117096,0.17431338131427765,0.008146775886416435,-0.0378405824303627,0.04426620528101921,0.06903258711099625,-0.08289322257041931,0.009794741868972778,-0.10221821069717407,-0.05049126222729683,0.08267033100128174,-0.11613628268241882,0.03617356717586517,0.12495367974042892,-0.10551349818706512,0.22001489996910095,-0.004195324145257473,-0.08512990176677704,0.043713971972465515,-0.1259380578994751,-0.06207845360040665,-0.01974419131875038,0.186629980802536,-0.251777321100235,0.19718211889266968,0.1301594078540802,-0.0002893011551350355,0.09239387512207031,0.019763367250561714,0.13202384114265442,-0.048166126012802124,-0.021051403135061264,-0.24246005713939667,-0.10841158032417297,0.06626910716295242,0.025564292445778847,-0.005921948701143265,-0.02899545431137085,./DataSet/30/S23_7.jpg
-0.0762813538312912,0.0502602756023407,0.019683949649333954,-0.054895997047424316,-0.09722665697336197,0.029528969898819923,-0.026245007291436195,-0.12484607845544815,0.17141121625900269,-0.15922138094902039,0.14250296354293823,-0.0296146422624588,-0.2639889419078827,0.012530455365777016,-0.08374252170324326,0.12606199085712433,-0.23538388311862946,-0.14887352287769318,-0.12333637475967407,-0.19355104863643646,-0.03835192322731018,0.11407056450843811,-0.014023415744304657,-0.014039448462426662,-0.12959474325180054,-0.29325786232948303,-0.06561421602964401,-0.07113967090845108,0.1534074991941452,-0.08024043589830399,-0.0021695969626307487,0.05144357308745384,-0.1404825747013092,0.01992620714008808,0.02043832093477249,0.09305879473686218,-0.0786634311079979,-0.01786039210855961,0.23979465663433075,0.05868864804506302,-0.16178101301193237,-0.003327634185552597,0.01569228619337082,0.273702472448349,0.1500978320837021,0.014904826879501343,-0.0421830415725708,-0.06045830622315407,0.13107378780841827,-0.2630094289779663,0.050561100244522095,0.17772306501865387,0.09841889142990112,0.12026305496692657,0.046339113265275955,-0.20847319066524506,-0.022377559915184975,0.1715574860572815,-0.15491506457328796,0.14631503820419312,0.05878208577632904,-0.1672554910182953,-0.012309806421399117,0.009515062905848026,0.16867583990097046,0.10135192424058914,-0.0797242820262909,-0.2007732391357422,0.19353434443473816,-0.20861934125423431,-0.06479581445455551,0.10757330060005188,-0.026123426854610443,-0.11889708042144775,-0.2411993443965912,-0.012615138664841652,0.38649627566337585,0.1387278437614441,-0.13383091986179352,-0.028137724846601486,-0.0327107198536396,-0.04908289760351181,0.1385423094034195,0.0469687357544899,-0.15526776015758514,-0.011584226042032242,-0.10473416745662689,-0.00018943380564451218,0.21011672914028168,0.023881355300545692,-0.10473261773586273,0.21720227599143982,0.008250315673649311,0.1073092669248581,0.07423852384090424,0.04060649871826172,-0.13316741585731506,-0.055622827261686325,-0.11055956035852432,-0.06628754734992981,0.07443143427371979,-0.13200873136520386,0.015194755047559738,0.09779106825590134,-0.08802179247140884,0.2576887607574463,-0.028467904776334763,0.0230102576315403,-0.015563474968075752,0.042448680847883224,-0.08496290445327759,0.02910737693309784,0.26511478424072266,-0.245204895734787,0.23948805034160614,0.20844747126102448,0.03526011481881142,0.15811316668987274,0.10333432257175446,0.023561613634228706,-0.055011406540870667,-0.032098762691020966,-0.17920438945293427,-0.10281363874673843,-0.003515581600368023,-0.07911330461502075,0.07513094693422318,0.05658136308193207,./DataSet/30/S24_7.jpg
-0.1420588344335556,0.03282152861356735,0.004909324459731579,-0.06571631878614426,-0.08753758668899536,0.03477014973759651,0.054622940719127655,-0.026982413604855537,0.1183338612318039,0.013217898085713387,0.1514369696378708,-0.050438497215509415,-0.2756625711917877,-0.044858574867248535,0.040619492530822754,0.09455128014087677,-0.1245291531085968,-0.11233291774988174,-0.1806938648223877,-0.1547347605228424,-0.09195667505264282,-0.00351337855681777,-0.014785073697566986,-0.024044867604970932,-0.12451879680156708,-0.3245266079902649,-0.04725087806582451,-0.12749144434928894,0.0419415645301342,-0.05851017311215401,0.05496811494231224,0.0877779871225357,-0.15396736562252045,-0.0894259586930275,0.04908600449562073,0.051861584186553955,-0.16887439787387848,-0.019497226923704147,0.21814633905887604,0.055023204535245895,-0.15570680797100067,0.00029262807220220566,0.11313597112894058,0.3168295919895172,0.2571423053741455,0.0634031817317009,0.028324821963906288,-0.07163723558187485,0.08037599921226501,-0.33838069438934326,0.12443701922893524,0.1766449213027954,0.12065847218036652,0.10517317056655884,0.11773094534873962,-0.16107895970344543,0.06293201446533203,0.08856702595949173,-0.18642431497573853,0.10133522748947144,0.15685680508613586,-0.08862434327602386,-0.08215413242578506,-0.014843273907899857,0.1810484379529953,0.11163879930973053,-0.1232670471072197,-0.10234291851520538,0.13326208293437958,-0.15082426369190216,0.003707132302224636,0.11862161010503769,-0.10080837458372116,-0.2098490446805954,-0.30069267749786377,0.12899915874004364,0.38850951194763184,0.1788642704486847,-0.11067042499780655,-0.07762697339057922,-0.05597258731722832,0.00719477329403162,0.1403113156557083,0.0907042920589447,-0.12823981046676636,-0.18168599903583527,-0.05176881328225136,0.02763950824737549,0.11867453157901764,-0.008391836658120155,-0.05051407963037491,0.14412342011928558,0.05546334385871887,-0.0453619658946991,-0.012619213201105595,0.10694052278995514,-0.12303288280963898,-0.026415588334202766,-0.11130733042955399,-0.018667612224817276,0.0674167051911354,-0.07179912179708481,0.05452200025320053,0.10992491990327835,-0.13948141038417816,0.18055206537246704,-0.02285674959421158,-0.03720530495047569,-0.008666889742016792,-0.10921558737754822,0.011433645151555538,0.018351087346673012,0.13279762864112854,-0.24636763334274292,0.13806521892547607,0.2015399932861328,-0.023582203313708305,0.10725319385528564,0.07937733829021454,0.03263100981712341,-0.010054676793515682,0.0014132987707853317,-0.1903817504644394,-0.025191575288772583,-0.02636003866791725,0.02646726369857788,-0.020960401743650436,0.020687809213995934,./DataSet/30/S25_7.jpg
-0.10200926661491394,-0.009336596354842186,0.061644937843084335,-0.14180101454257965,-0.15275900065898895,0.020558040589094162,-0.00879528559744358,-0.05010336637496948,0.10734767466783524,0.006434768904000521,0.10788720101118088,0.04987408220767975,-0.2279176414012909,-0.1434827744960785,0.09301692992448807,0.04622435197234154,-0.168870210647583,-0.17501512169837952,-0.09276133030653,-0.04012914001941681,-0.0355384387075901,0.006258506793528795,-0.010625611059367657,-0.040168002247810364,-0.19458875060081482,-0.260640025138855,-0.10351930558681488,-0.14997228980064392,0.040623970329761505,-0.049693528562784195,0.08093490451574326,0.01907319203019142,-0.19468823075294495,-0.02949453517794609,0.026392944157123566,0.03869126737117767,-0.07006097584962845,-0.11115692555904388,0.13195082545280457,-0.010228917002677917,-0.17545267939567566,-0.036405328661203384,0.07353135198354721,0.2012879103422165,0.1898401528596878,-0.02420966699719429,0.05992117524147034,-0.030203454196453094,0.14651799201965332,-0.2522648274898529,0.15733398497104645,0.14457322657108307,0.1245594471693039,0.10382533818483353,0.09386172145605087,-0.12775550782680511,0.13201986253261566,0.1918683797121048,-0.2808319628238678,0.172246053814888,0.10205141454935074,-0.10446818172931671,-0.0945705994963646,-0.06246572360396385,0.12162607908248901,0.12030109763145447,-0.06882984191179276,-0.22095908224582672,0.14202088117599487,-0.1623307764530182,-0.09027023613452911,0.11279089003801346,-0.13610006868839264,-0.14591826498508453,-0.2954513728618622,-0.022254129871726036,0.3299049735069275,0.20938549935817719,-0.1923101246356964,-0.01037437655031681,-0.14264395833015442,0.012236576527357101,0.03001086600124836,0.015168318524956703,-0.05111590772867203,-0.04953787475824356,-0.09421926736831665,-0.01183356437832117,0.21125181019306183,-0.0003579668700695038,0.0011110935593023896,0.2263452261686325,0.09025979042053223,-0.07993662357330322,0.013473015278577805,-0.022717827931046486,-0.01577324979007244,-0.05523531883955002,-0.03886719048023224,-0.043542344123125076,0.017523927614092827,-0.17566165328025818,0.01982720196247101,0.07016414403915405,-0.23062315583229065,0.24102884531021118,0.06682968139648438,0.027273770421743393,-0.006081061437726021,-0.0825720801949501,-0.024675725027918816,0.011504894122481346,0.18582145869731903,-0.29451096057891846,0.22666499018669128,0.19275304675102234,0.08420651406049728,0.12802168726921082,-0.01333021279424429,0.08035095036029816,-0.09512870013713837,-0.07811357825994492,-0.11902465671300888,-0.06225191429257393,-0.03636997193098068,-0.020646223798394203,0.029347706586122513,0.12104609608650208,./DataSet/30/S26_9.jpg
-0.016008520498871803,0.027276914566755295,0.011965449899435043,-0.0064370278269052505,-0.15267877280712128,-0.03858911246061325,-0.007005196064710617,-0.029103051871061325,0.04997675120830536,0.002940096892416477,0.20184166729450226,-0.08556894212961197,-0.22089828550815582,0.04479293152689934,-0.028792068362236023,0.0934005007147789,-0.17078164219856262,-0.1174115389585495,-0.1029898077249527,-0.12520664930343628,-0.0808403268456459,-0.0025977888144552708,-0.0021305896807461977,0.09801145642995834,-0.142157644033432,-0.3413594961166382,-0.05221216380596161,-0.19728058576583862,0.08557387441396713,-0.11437565088272095,0.028247803449630737,0.08977463096380234,-0.16116678714752197,-0.03867369890213013,0.06342902779579163,0.017700858414173126,-0.08389695733785629,-0.1543351709842682,0.2738206684589386,0.054381467401981354,-0.10763821750879288,0.00941115990281105,0.04988725855946541,0.2858044505119324,0.18735046684741974,0.07444855570793152,0.04347199946641922,-0.06486200541257858,0.17781630158424377,-0.2430136352777481,0.10069383680820465,0.21378198266029358,0.1177508533000946,0.11109498143196106,0.05272319167852402,-0.0889899730682373,0.06359659880399704,0.05390489846467972,-0.18437455594539642,0.05374893173575401,0.06364546716213226,-0.001226397231221199,-0.027773700654506683,-0.1737728714942932,0.1615297645330429,0.05679098144173622,-0.0895635262131691,-0.013266872614622116,0.09902849048376083,-0.19244302809238434,-0.13517236709594727,0.007208656519651413,-0.11892671138048172,-0.16192008554935455,-0.2689075767993927,0.027263334020972252,0.33380088210105896,0.2428426742553711,-0.162958025932312,-0.00013076048344373703,-0.05112314596772194,-0.02956969290971756,0.0693492591381073,0.04006899893283844,-0.08629883825778961,-0.11439090222120285,-0.036776527762413025,0.01728043332695961,0.2004811018705368,-0.03915499150753021,-0.05677560716867447,0.11687259376049042,-0.058329369872808456,-0.0003283517435193062,0.02172408252954483,0.04865460470318794,-0.14365682005882263,-0.02659921906888485,-0.0403650738298893,-0.01402965746819973,0.08452029526233673,-0.048592980951070786,-0.005626054015010595,0.05302422493696213,-0.2273925542831421,0.152579665184021,-0.027038510888814926,-0.04192313551902771,0.044778190553188324,0.007625402882695198,-0.13498875498771667,0.008287928067147732,0.1985100656747818,-0.23679472506046295,0.2445680946111679,0.16648760437965393,-0.0493338443338871,0.1252090185880661,0.07955662906169891,0.05365927517414093,-0.10235908627510071,-0.05287100002169609,-0.16245964169502258,-0.18408364057540894,0.0624673068523407,0.06534361839294434,0.04213413968682289,-0.013984869234263897,./DataSet/30/S28_5.jpg
-0.11537709832191467,0.033948250114917755,-0.021429914981126785,0.028121739625930786,-0.09418261796236038,-0.036894842982292175,0.019822528585791588,-0.05902884900569916,0.11763641238212585,-0.010705811902880669,0.17816685140132904,-0.005275546573102474,-0.15238326787948608,-0.15219323337078094,0.00227332953363657,0.09515861421823502,-0.13517865538597107,-0.1345342993736267,-0.18315255641937256,-0.13164392113685608,0.0687902644276619,0.07581747323274612,0.021585553884506226,0.06952939182519913,-0.22194647789001465,-0.3055962026119232,-0.04030396789312363,-0.06854262948036194,0.11775612831115723,-0.06668836623430252,0.05281542241573334,0.1021910011768341,-0.13401931524276733,-0.026310596615076065,0.0334588959813118,0.08651618659496307,-0.02392292581498623,-0.04979289323091507,0.24868807196617126,0.010915926657617092,-0.2360113561153412,0.07324409484863281,0.005111359059810638,0.283019483089447,0.269900381565094,-0.03397076576948166,0.05545734986662865,-0.07954764366149902,0.17846104502677917,-0.2102823406457901,0.013185704126954079,0.25591081380844116,0.03850207105278969,0.07985877990722656,0.045081574469804764,-0.10859382897615433,-0.017719168215990067,0.2175968438386917,-0.16475385427474976,0.02268623188138008,-0.01816166564822197,-0.11765732616186142,0.026321398094296455,-0.06123018637299538,0.06536658108234406,0.05873306468129158,-0.08715280890464783,-0.14286106824874878,0.16437514126300812,-0.2177899330854416,-0.030566906556487083,0.12351125478744507,-0.11324037611484528,-0.1960745006799698,-0.27773943543434143,0.041507042944431305,0.42939209938049316,0.1501472294330597,-0.21783986687660217,0.04325238987803459,-0.04002925381064415,0.0022868094965815544,0.15542791783809662,0.1180087998509407,-0.06399454921483994,-0.06237576901912689,-0.12690648436546326,0.0017909742891788483,0.21755553781986237,0.038116030395030975,-0.023891502991318703,0.2380751222372055,0.10925190895795822,0.01213523093611002,0.11296351253986359,0.05978568643331528,-0.1081453189253807,-0.006812262814491987,-0.05171312391757965,0.010540076531469822,0.017984725534915924,-0.09713602066040039,0.06287345290184021,0.030405059456825256,-0.06144675239920616,0.27645283937454224,0.018030380830168724,0.08768846094608307,-0.034840185195207596,-0.02368891052901745,0.017040863633155823,0.012390613555908203,0.15162186324596405,-0.1886652410030365,0.1966494768857956,0.12951576709747314,-0.01608043536543846,0.21139702200889587,0.07524508982896805,0.14501765370368958,-0.09637874364852905,-0.007297636941075325,-0.10032095015048981,-0.028822731226682663,-0.00251005869358778,-0.04515727236866951,0.08275359123945236,0.017630724236369133,./DataSet/30/S29_1.jpg
-0.03282377868890762,0.11581368744373322,-0.03093060851097107,0.0060826921835541725,-0.04666212201118469,0.023077327758073807,-0.0237736813724041,-0.02382645756006241,0.17752867937088013,-0.08207249641418457,0.19009582698345184,0.02144673466682434,-0.2001863270998001,-0.12080223858356476,0.1257040947675705,0.0955667793750763,-0.2095845639705658,-0.10431790351867676,-0.07449725270271301,-0.06523934751749039,0.011499187909066677,-0.02212381735444069,0.02797805890440941,0.02332439087331295,-0.1433459222316742,-0.3617483377456665,-0.08046294748783112,-0.12378749251365662,0.10174308717250824,-0.09649743884801865,-0.018797945231199265,0.025335103273391724,-0.1413012444972992,-0.04571434110403061,0.013286600820720196,0.07393001765012741,-0.08884001523256302,-0.05095452815294266,0.24189378321170807,0.025695327669382095,-0.1364995688199997,0.015184792689979076,0.015390702523291111,0.2263295203447342,0.23563972115516663,0.07068196684122086,-0.006443081423640251,-0.0038314005360007286,0.10322430729866028,-0.2386969029903412,0.0005814544856548309,0.20932309329509735,0.08037464320659637,0.10425709187984467,0.006826955359429121,-0.1401526778936386,0.037266116589307785,0.061474040150642395,-0.25722184777259827,0.026874035596847534,-0.011112845502793789,-0.17964617908000946,-0.0647100955247879,0.020964913070201874,0.19401133060455322,0.1309472620487213,-0.07745306938886642,-0.15721721947193146,0.10093635320663452,-0.24099218845367432,-0.06377851963043213,0.026719100773334503,-0.09886877238750458,-0.1727900356054306,-0.27728280425071716,-0.0028815902769565582,0.31364601850509644,0.14671698212623596,-0.1290295571088791,0.06167638301849365,-0.052946195006370544,-0.09045129269361496,0.0538029745221138,0.11652831733226776,-0.07480688393115997,-0.0920122042298317,-0.07550705224275589,0.006711756810545921,0.16362112760543823,-0.0323307067155838,0.00219897017814219,0.18041901290416718,-0.011767162010073662,0.07945611327886581,0.023994330316781998,-0.01028754934668541,-0.08185979723930359,-0.026085849851369858,-0.049291759729385376,-0.03817306086421013,0.036897752434015274,-0.15225724875926971,0.01799839735031128,0.07069359719753265,-0.22691859304904938,0.1658330112695694,0.0035430267453193665,-0.01653106138110161,0.058465875685214996,0.005565260071307421,-0.0863988995552063,-0.044208161532878876,0.18090981245040894,-0.26913225650787354,0.24006997048854828,0.25995200872421265,-0.019399184733629227,0.16397960484027863,0.07507011294364929,0.10770828276872635,-0.04693988710641861,0.005489003844559193,-0.19406656920909882,-0.06477953493595123,-0.052609652280807495,0.006325120106339455,0.022654706612229347,0.006202205084264278,./DataSet/30/S2_6.jpg
-0.09707144647836685,0.027688156813383102,0.022324776276946068,0.00827923696488142,-0.12061282992362976,-0.07319595664739609,0.001913626678287983,-0.12789086997509003,0.0779995322227478,-0.13931089639663696,0.15767453610897064,-0.05420178174972534,-0.23748253285884857,-0.05848637595772743,0.0146178612485528,0.15387769043445587,-0.11007115989923477,-0.14312100410461426,-0.07995480298995972,-0.0762154757976532,-0.00859031081199646,-0.07330428063869476,-0.01707107201218605,0.037779755890369415,-0.10361587256193161,-0.29164746403694153,-0.11952830851078033,-0.0592338964343071,0.030299127101898193,0.010594163089990616,0.008576342836022377,0.05930560082197189,-0.16159848868846893,-0.040272124111652374,0.05554402247071266,0.17545053362846375,-0.056943465024232864,-0.06740261614322662,0.2489469349384308,-0.01318996213376522,-0.16318923234939575,-0.03464754670858383,0.06460508704185486,0.23315133154392242,0.17495210468769073,0.045053645968437195,0.02226906083524227,-0.007616082206368446,0.11533444374799728,-0.23038116097450256,0.07244551181793213,0.11408907175064087,0.11656542867422104,0.0641307607293129,0.040520548820495605,-0.15176665782928467,0.04868157580494881,0.13342560827732086,-0.23481719195842743,0.0002869244199246168,0.03930756449699402,-0.15151451528072357,-0.10125681012868881,-0.039496783167123795,0.23095019161701202,0.2108294814825058,-0.09587354958057404,-0.12470181286334991,0.26213371753692627,-0.2383204698562622,-0.061286646872758865,-0.026949651539325714,-0.10114572942256927,-0.08880150318145752,-0.3299032151699066,0.0018754750490188599,0.387969046831131,0.1616474837064743,-0.13334839046001434,-0.006984153762459755,0.023374784737825394,-0.01302461139857769,0.06228283420205116,0.09749842435121536,-0.10568680614233017,-0.003217141143977642,-0.07697724550962448,0.01395515538752079,0.16121235489845276,0.0015149712562561035,-0.037883955985307693,0.15002211928367615,0.0075324345380067825,0.015521134249866009,0.0703335702419281,-0.010871199890971184,-0.0712449848651886,-0.0962647944688797,-0.14275743067264557,-0.0602215938270092,0.08282797783613205,-0.12343679368495941,0.05334831774234772,0.14567601680755615,-0.17630532383918762,0.12331461906433105,-0.06412262469530106,-0.015042874962091446,-0.01076574344187975,0.02417859621345997,-0.11039678752422333,-0.01447376236319542,0.15565159916877747,-0.17108292877674103,0.17513316869735718,0.16191478073596954,-0.06289433687925339,0.10052070766687393,0.10666574537754059,0.09028474241495132,-0.019527487456798553,-0.033017415553331375,-0.1970781683921814,-0.11979232728481293,-0.006365528330206871,-0.0030015171505510807,0.10519453138113022,0.06520724296569824,./DataSet/30/S31_2.jpg
-0.0897541418671608,0.06504297256469727,0.10517830401659012,-0.013317901641130447,-0.11654918640851974,0.005346563644707203,0.008524498902261257,-0.22516945004463196,0.12549945712089539,-0.12416568398475647,0.13984577357769012,-0.14742009341716766,-0.2045891284942627,0.046602968126535416,-0.10336534678936005,0.16681134700775146,-0.15291844308376312,-0.13797353208065033,-0.11926794797182083,-0.11634179949760437,0.07578405737876892,0.12752781808376312,-0.06776105612516403,0.05268806964159012,-0.10997530817985535,-0.24695782363414764,-0.02439638413488865,-0.042383212596178055,0.1045956164598465,-0.002203373471274972,-0.03503795713186264,0.0814923569560051,-0.202781081199646,0.010811345651745796,0.0006226580590009689,0.07827375829219818,-0.08638090640306473,-0.09414410591125488,0.24560824036598206,-0.018915710970759392,-0.23881833255290985,0.043902575969696045,0.11860015243291855,0.15528418123722076,0.1643194705247879,0.0023274647537618876,-0.03525311499834061,-0.04035084322094917,0.0891752764582634,-0.24532601237297058,-0.1442529261112213,0.26393046975135803,0.08177286386489868,0.10849052667617798,-0.022780444473028183,-0.120358407497406,-0.03926852345466614,0.13269741833209991,-0.12872137129306793,0.06797754764556885,0.07249627262353897,-0.21966733038425446,0.015892393887043,-0.0424213744699955,0.14053885638713837,0.03497328236699104,-0.07903014123439789,-0.09668047726154327,0.14828503131866455,-0.20925267040729523,-0.11717070639133453,0.05537306144833565,-0.06913457810878754,-0.10884989798069,-0.2532657980918884,-0.06923530995845795,0.4127105176448822,0.06288570910692215,-0.11765657365322113,0.052639760076999664,-0.09651511907577515,-0.00255217170342803,0.08249949663877487,0.05019552260637283,-0.0048865824937820435,-0.09095513075590134,-0.07374276965856552,-0.02270645648241043,0.2656528651714325,-0.04910215362906456,0.0790049135684967,0.23790328204631805,0.02695692703127861,-0.007701100781559944,-0.06214376911520958,0.06964841485023499,-0.0996713787317276,-0.04373598471283913,0.011850599199533463,-0.006298760883510113,0.008063016459345818,-0.06368869543075562,0.08344563841819763,0.13313084840774536,-0.2395792305469513,0.18277904391288757,-0.03392767161130905,0.022060275077819824,0.07870718091726303,0.030481994152069092,-0.014559612609446049,-0.00888100080192089,0.1760392040014267,-0.2064831256866455,0.16122405230998993,0.19508248567581177,-0.10582736879587173,0.09817434102296829,0.041815146803855896,0.1065770834684372,-0.06438559293746948,0.0038333693519234657,-0.1860826164484024,-0.18091769516468048,0.031063847243785858,-0.04572577774524689,-0.004275193437933922,0.04650560021400452,./DataSet/30/S32_6.jpg
-0.09701957553625107,0.08288299292325974,-0.04922984167933464,-0.009040627628564835,-0.12122806906700134,-0.012725717388093472,-0.009602054953575134,-0.14546525478363037,0.08302319794893265,0.05697322264313698,0.231277734041214,-0.03408415615558624,-0.2874331772327423,-0.09567560255527496,0.015724806115031242,0.10994362086057663,-0.09558240324258804,-0.039167292416095734,-0.20769734680652618,-0.017516467720270157,-0.01564781926572323,0.02022719383239746,0.18100811541080475,0.04792055860161781,-0.09723890572786331,-0.34216222167015076,-0.17281194031238556,-0.09430522471666336,0.015472717583179474,-0.12180474400520325,-0.08844449371099472,0.03952987864613533,-0.2209741175174713,-0.1394142359495163,0.026883389800786972,0.04942191392183304,-0.09457395225763321,-0.10234808921813965,0.1889953911304474,0.01005292497575283,-0.14759241044521332,-0.02713211067020893,0.046853549778461456,0.207820326089859,0.2444591373205185,0.006409077905118465,-0.009051475673913956,0.006029569543898106,0.06257598847150803,-0.2790112793445587,0.047566063702106476,0.10519983619451523,0.145606130361557,0.05643557757139206,0.03397341072559357,-0.07874424755573273,0.08049308508634567,0.21598944067955017,-0.24332302808761597,0.026270823553204536,0.043716590851545334,-0.13424092531204224,-0.04684501141309738,0.003319532610476017,0.21248772740364075,0.2422533929347992,-0.07451184839010239,-0.1545386165380478,0.11518175154924393,-0.14048337936401367,0.012007864192128181,0.07133101671934128,-0.11661741882562637,-0.24116618931293488,-0.26834574341773987,0.05046924203634262,0.4520220160484314,0.14217719435691833,-0.23151448369026184,-0.03794020786881447,-0.13011473417282104,-0.023903168737888336,0.05291042476892471,-0.05330728366971016,-0.12234148383140564,-0.038128964602947235,-0.2193293422460556,-0.0005521979182958603,0.21897055208683014,-0.07556133717298508,-0.03977726027369499,0.27945324778556824,0.013076315633952618,0.06501876562833786,0.1476423442363739,0.0651479959487915,-0.06792975962162018,-0.0236302949488163,-0.10946723073720932,0.04503748193383217,0.04197016358375549,-0.20683300495147705,-0.01171409897506237,0.043020881712436676,-0.08262291550636292,0.1307089626789093,0.008236793801188469,-0.011793206445872784,-0.017007803544402122,-0.1000257283449173,-0.11686232686042786,-0.0559849888086319,0.17083986103534698,-0.28931230306625366,0.22115594148635864,0.1448647677898407,-0.06426984071731567,0.14583708345890045,0.03672650083899498,0.1377049684524536,-0.053655777126550674,0.008120248094201088,-0.10995543003082275,-0.08017388731241226,0.12266160547733307,-0.02119746059179306,0.04582972079515457,0.029369879513978958,./DataSet/30/S33_9.jpg
-0.11518942564725876,0.009685222059488297,-0.002853186335414648,-0.006210118532180786,-0.13674293458461761,-0.08176874369382858,-0.00998850166797638,-0.06223009526729584,0.08564665913581848,-0.04580265283584595,0.10810169577598572,-0.06740382313728333,-0.24073436856269836,0.059786729514598846,-0.014989818446338177,0.10578344762325287,-0.18431046605110168,-0.03205769509077072,-0.2043479084968567,-0.16807061433792114,0.03917967155575752,-0.015903452411293983,0.020996835082769394,-0.0031199941877275705,-0.11557776480913162,-0.24532708525657654,-0.11481259763240814,-0.08124762028455734,0.14212766289710999,-0.013576673343777657,0.08632950484752655,0.035234447568655014,-0.20785918831825256,-0.07587221264839172,0.02173466980457306,0.06398659944534302,0.01582714542746544,-0.08371016383171082,0.2495006024837494,-0.015518573112785816,-0.1610414832830429,0.01820666529238224,0.11390753090381622,0.1741182953119278,0.20476989448070526,0.04596728831529617,-0.011155152693390846,-0.04930984228849411,0.10999225825071335,-0.209019735455513,0.020672377198934555,0.1340523511171341,0.11349175870418549,0.11604999005794525,0.07052894681692123,-0.12344866991043091,0.12509247660636902,0.18004709482192993,-0.20261479914188385,0.04889632761478424,0.09911209344863892,-0.15977610647678375,-0.035412490367889404,-0.04847400635480881,0.14576131105422974,0.10420430451631546,-0.031673260033130646,-0.18614841997623444,0.14862050116062164,-0.22925299406051636,-0.0617084838449955,0.07565327733755112,-0.06195399910211563,-0.055608201771974564,-0.3876434564590454,-0.023774102330207825,0.3641311228275299,0.19071397185325623,-0.11339874565601349,0.011582694947719574,-0.04704863578081131,-0.05438370630145073,0.07266136258840561,0.04072444885969162,-0.15315519273281097,-0.05335438251495361,-0.07710769027471542,0.03301595523953438,0.1764264553785324,0.013161989860236645,0.003489202354103327,0.19674742221832275,0.03654615953564644,-0.003207406960427761,-0.001377615612000227,0.019915925338864326,-0.17231395840644836,-0.10873959213495255,-0.04724555090069771,-0.058235108852386475,0.12235892564058304,-0.11624336242675781,0.08621357381343842,0.12088189274072647,-0.2117992490530014,0.10933592915534973,-0.11482354253530502,-0.026317009702324867,-0.017367582768201828,-0.0064581092447042465,-0.03530002757906914,0.05292892083525658,0.20333331823349,-0.18159529566764832,0.16536098718643188,0.2134222686290741,-0.07852528989315033,0.05911971256136894,0.09615189582109451,0.09759959578514099,-0.10435609519481659,0.04313017055392265,-0.18905404210090637,-0.08551812916994095,-0.021966032683849335,-0.03903290256857872,0.07739754021167755,0.06477067619562149,./DataSet/30/S34_9.jpg
-0.06429697573184967,0.07562847435474396,0.040799275040626526,-0.05568857118487358,-0.12238803505897522,-0.10968902707099915,-0.012795885093510151,0.004926956258714199,0.1506613940000534,-0.036111027002334595,0.11698994785547256,0.034866560250520706,-0.18504181504249573,-0.05775095894932747,0.0631345808506012,0.015867184847593307,-0.19640465080738068,-0.0848064124584198,-0.05077226459980011,0.0038089537993073463,0.09694066643714905,-0.01423267088830471,-0.02105988748371601,0.06696771830320358,-0.06209711357951164,-0.3228166103363037,-0.06832343339920044,-0.11915626376867294,0.0897904485464096,-0.13616329431533813,0.055626124143600464,0.03937901183962822,-0.10777459293603897,-0.02642127312719822,-0.010749941691756248,0.10184824466705322,-0.08238174021244049,-0.07516612857580185,0.2176641821861267,-0.029274698346853256,-0.18049539625644684,-0.03529481962323189,-0.006080036982893944,0.2530631422996521,0.22218306362628937,0.026089437305927277,0.016903933137655258,0.008714369498193264,0.17502973973751068,-0.3051427900791168,0.06618818640708923,0.16479773819446564,0.11301075667142868,0.07271863520145416,0.1450830101966858,-0.20927183330059052,0.0686955600976944,0.09251274168491364,-0.26792284846305847,0.12306224554777145,0.002312301192432642,-0.19414374232292175,-0.05589403212070465,-0.04989827424287796,0.11360405385494232,0.1198391392827034,-0.0711946189403534,-0.1014382466673851,0.08666450530290604,-0.2552525997161865,-0.03369733318686485,0.10446810722351074,-0.06665043532848358,-0.15646149218082428,-0.22168923914432526,-0.05452261120080948,0.332832396030426,0.1823119968175888,-0.14925706386566162,0.014599730260670185,-0.05021187663078308,-0.04422602429986,0.08017154037952423,0.041300877928733826,-0.09330124408006668,-0.03442447632551193,-0.13755948841571808,0.05170609802007675,0.12126213312149048,-0.02314322628080845,0.022311415523290634,0.1883169263601303,-0.002154032699763775,0.03612161800265312,0.006086580455303192,-0.038897208869457245,-0.04644470661878586,-0.002625990193337202,-0.028122905641794205,0.004523696377873421,0.10205709934234619,-0.24394303560256958,-0.004066310822963715,0.00887352041900158,-0.24685737490653992,0.11255147308111191,0.023935748264193535,0.028182094916701317,0.017892267554998398,-0.05251440405845642,-0.13108377158641815,0.04137493669986725,0.21787476539611816,-0.2770479917526245,0.28813451528549194,0.2135668843984604,-0.058750081807374954,0.16378672420978546,-0.021684063598513603,0.05874704197049141,-0.057092227041721344,-0.13839426636695862,-0.11097529530525208,-0.03308136761188507,-0.04960810765624046,0.03542765974998474,0.015432390384376049,0.004646887071430683,./DataSet/30/S37_7.jpg
-0.06370297074317932,0.12526941299438477,0.0778646469116211,-0.053774621337652206,-0.10236943513154984,0.055116914212703705,-0.02318863943219185,-0.11071770638227463,0.094477079808712,-0.14137135446071625,0.15934665501117706,-0.055230919271707535,-0.2571048438549042,0.00010444968938827515,0.008528794161975384,0.038476988673210144,-0.12065529078245163,-0.13669081032276154,-0.19778746366500854,-0.13088177144527435,0.058062177151441574,0.06339898705482483,-0.01900046318769455,-0.010414404794573784,-0.2087792605161667,-0.22378189861774445,-0.019103839993476868,-0.14644403755664825,0.02630993165075779,-0.09662501513957977,-0.05497342720627785,0.03959447890520096,-0.15232233703136444,-0.0018226634711027145,-0.04839813709259033,-0.0029553454369306564,-0.0961630642414093,-0.03104480169713497,0.21448694169521332,-0.0036709271371364594,-0.2118436098098755,-0.0008828835561871529,0.0813755914568901,0.25669240951538086,0.23225949704647064,-0.017469286918640137,-0.05272071063518524,0.013311116024851799,0.2142421454191208,-0.25644391775131226,0.0669621005654335,0.18898886442184448,0.23074442148208618,0.2032872587442398,0.08807911723852158,-0.13463959097862244,0.10880258679389954,0.11644972860813141,-0.20953331887722015,0.11576143652200699,0.06744565814733505,-0.24669577181339264,0.030635438859462738,0.00023173342924565077,0.20590241253376007,0.1257018744945526,-0.06040078401565552,-0.09555858373641968,0.08549670875072479,-0.15645931661128998,-0.09888716787099838,0.08516250550746918,-0.1242653876543045,-0.10755079239606857,-0.2483440339565277,-0.02473584935069084,0.34216734766960144,0.17457406222820282,-0.19945350289344788,0.006226898171007633,-0.07606812566518784,-0.06464751809835434,0.09303251653909683,0.07711422443389893,-0.12894748151302338,-0.019017783924937248,-0.056204333901405334,0.03887686878442764,0.23500792682170868,-0.06374432146549225,-0.04090666025876999,0.2516794800758362,0.04172123968601227,-0.03379051014780998,0.06938637793064117,-0.005985995288938284,-0.14571449160575867,-0.08115088194608688,-0.025621680542826653,-0.0002499716356396675,-0.008647505193948746,-0.19979505240917206,-0.008468253538012505,0.03239500895142555,-0.21624164283275604,0.24868807196617126,-0.009525459259748459,0.061421044170856476,-0.03710659220814705,-0.06716649234294891,-0.0069150542840361595,0.032361868768930435,0.15728503465652466,-0.2377312183380127,0.19978879392147064,0.11761824041604996,0.008190935477614403,0.14759063720703125,0.02742372453212738,0.039036210626363754,-0.057819560170173645,0.013668200001120567,-0.12934847176074982,-0.1242981031537056,0.10888982564210892,-0.010549496859312057,0.09932353347539902,0.0719216838479042,./DataSet/30/S3_6.jpg
-0.1753004640340805,0.03468003123998642,0.06004968285560608,-0.0955517515540123,-0.1289173811674118,-0.010179076343774796,-0.02542622573673725,-0.07921485602855682,0.09451833367347717,-0.12826411426067352,0.162234827876091,-0.10998906940221786,-0.2480757087469101,-0.04223933443427086,-0.009380210191011429,0.12523233890533447,-0.14495733380317688,-0.14281414449214935,-0.10257783532142639,-0.212833970785141,0.01601923629641533,0.016094490885734558,-0.08516725152730942,0.05516866222023964,-0.1716737002134323,-0.20598335564136505,-0.13366082310676575,-0.10475673526525497,0.013226919807493687,-0.06330570578575134,0.019220639020204544,0.10416796803474426,-0.163438081741333,-0.05604895204305649,0.058799516409635544,0.11665099114179611,0.02458648942410946,-0.0042958646081388,0.17818574607372284,-0.08948090672492981,-0.09530986845493317,0.015321247279644012,0.1246599331498146,0.2617746591567993,0.15815044939517975,0.02439596690237522,0.029776301234960556,0.020016366615891457,0.1728413850069046,-0.2571793794631958,0.003403604030609131,0.1925956904888153,0.09201528131961823,0.11703569442033768,0.0778663158416748,-0.16952355206012726,0.07477164268493652,0.19098985195159912,-0.16493546962738037,0.14807595312595367,0.06526143848896027,-0.20474836230278015,-0.04332854598760605,0.012762093916535378,0.17060840129852295,0.0897769182920456,-0.09518155455589294,-0.24269816279411316,0.20258338749408722,-0.16961872577667236,-0.023721596226096153,0.15598636865615845,-0.1655452847480774,-0.13458305597305298,-0.27104172110557556,0.05758792906999588,0.4082889258861542,0.14579805731773376,-0.12757784128189087,0.07738694548606873,-0.03752048686146736,-0.0029332609847187996,0.07569984346628189,0.05239400640130043,-0.05125029757618904,-0.029669661074876785,-0.10754465311765671,0.09894920140504837,0.23510248959064484,-0.008322532288730145,-0.004110530950129032,0.2040952742099762,0.04650548845529556,0.004752274602651596,0.02978190965950489,0.07522590458393097,-0.06652522832155228,-0.0885312482714653,-0.05786672979593277,0.05812877416610718,0.06353407353162766,-0.12132668495178223,-0.007079783361405134,0.06751355528831482,-0.14925646781921387,0.18093480169773102,-0.10251225531101227,0.021384023129940033,-0.22980892658233643,-0.05141904950141907,-0.025271881371736526,0.1392027586698532,0.19872555136680603,-0.28427940607070923,0.17103971540927887,0.20296044647693634,-0.05282844230532646,0.12275397777557373,0.02366587333381176,0.022642331197857857,0.01466310303658247,-0.07514838874340057,-0.12998247146606445,-0.1547250896692276,0.011358761228621006,-0.05997150018811226,0.047515057027339935,0.05051838606595993,./DataSet/30/S40_10.jpg
-0.01770975813269615,0.028555087745189667,-0.020567113533616066,0.008773336187005043,-0.11015447229146957,0.004250365309417248,-0.008292941376566887,-0.08332547545433044,0.11335993558168411,-0.06294596195220947,0.14305339753627777,-0.0027220183983445168,-0.2237578183412552,-0.07810366898775101,0.022999729961156845,0.09322060644626617,-0.1721612811088562,-0.10252954065799713,-0.13162170350551605,-0.11964583396911621,-0.03768688440322876,0.026189979165792465,0.05208836495876312,0.057236410677433014,-0.08366358280181885,-0.30961963534355164,-0.06761293113231659,-0.22766442596912384,0.09650704264640808,-0.09798958897590637,-0.0067733945325016975,0.024629700928926468,-0.16903182864189148,-0.057505108416080475,0.015597566962242126,0.06009973585605621,-0.1543506234884262,-0.14680945873260498,0.28420642018318176,-0.012755854055285454,-0.11257728934288025,-0.02411358430981636,0.02561095356941223,0.1680784523487091,0.1525379717350006,-0.0012709605507552624,0.045552223920822144,-0.07201984524726868,0.2069890946149826,-0.2247925102710724,0.08905960619449615,0.1661742478609085,0.12348974496126175,0.09811814874410629,0.10486309975385666,-0.16257673501968384,0.03502664342522621,0.11629989743232727,-0.2010984718799591,0.1266670674085617,-0.006623971275985241,-0.1076626181602478,-0.043495893478393555,-0.05282820761203766,0.15793143212795258,0.10796909779310226,-0.03327475115656853,-0.10746032744646072,0.20762161910533905,-0.1797216236591339,-0.0382557213306427,0.10230746120214462,-0.10913609713315964,-0.20307864248752594,-0.21925485134124756,0.04204490780830383,0.3731076121330261,0.17641958594322205,-0.08208425343036652,-0.008240076713263988,-0.02872512675821781,-0.11438314616680145,0.05314650014042854,0.12336467951536179,-0.06508301943540573,-0.08106590807437897,-0.04871773347258568,0.10007321834564209,0.1729784607887268,-0.06660105288028717,-0.02965259738266468,0.1912536919116974,-0.03686501830816269,0.08384080231189728,0.0014891824685037136,-0.03019695170223713,-0.0940256267786026,0.01757439784705639,-0.048945315182209015,0.026081804186105728,0.10720910876989365,-0.10203278809785843,0.035534970462322235,0.037463489919900894,-0.06729759275913239,0.03679271787405014,-0.03595764562487602,-0.03714309260249138,0.00819688942283392,-0.06542521715164185,-0.14207878708839417,-0.01035315915942192,0.21248874068260193,-0.20720818638801575,0.28156086802482605,0.1363508552312851,-0.022194454446434975,0.12204352021217346,0.04425615817308426,0.07422209531068802,0.006276001688092947,-0.11850225925445557,-0.25083550810813904,-0.040672603994607925,0.07805493474006653,0.04166950657963753,-0.010592808946967125,0.005762237124145031,./DataSet/30/S4_8.jpg
-0.11764486879110336,-0.029043197631835938,0.013064667582511902,-0.10194205492734909,-0.0693875327706337,0.013437281362712383,-0.001553533598780632,-0.06722787767648697,0.1852475106716156,-0.23173077404499054,0.0725448876619339,-0.051780376583337784,-0.22417859733104706,0.05880538374185562,-0.028098274022340775,0.1246819719672203,-0.1612367182970047,-0.22292564809322357,-0.05600893497467041,-0.08816514909267426,0.06926561146974564,-0.012299573048949242,-0.03544933721423149,0.1300259530544281,-0.18840014934539795,-0.30480122566223145,-0.12509945034980774,-0.05008396878838539,0.06320164352655411,-0.02915116213262081,0.014307313598692417,-0.003225906752049923,-0.18705880641937256,0.06537478417158127,0.015330217778682709,0.11524274200201035,-0.0422721691429615,-0.10469414293766022,0.20560435950756073,0.0401238389313221,-0.26932746171951294,-0.055765580385923386,0.08729122579097748,0.2450701743364334,0.22721873223781586,0.00042743212543427944,-0.02347269281744957,-0.05556686967611313,0.15135914087295532,-0.36424383521080017,0.007196882739663124,0.15812274813652039,0.036624725908041,0.14092829823493958,0.06018836796283722,-0.1497820019721985,0.08962485194206238,0.08337026834487915,-0.1897772252559662,0.053599853068590164,0.0056122466921806335,-0.1259942501783371,0.005495645105838776,0.012517915107309818,0.1764126569032669,0.114446721971035,-0.0917191430926323,-0.24436576664447784,0.2391531765460968,-0.32727161049842834,-0.02697083167731762,0.15411005914211273,-0.05550500750541687,-0.18764902651309967,-0.24662621319293976,-0.027877533808350563,0.3956528306007385,0.2749231159687042,-0.07983841001987457,0.12662088871002197,-0.07886967808008194,0.025416599586606026,0.12434116005897522,0.12667424976825714,-0.005740988999605179,0.03917694091796875,-0.10280249267816544,0.027575327083468437,0.23956511914730072,-0.02493397518992424,-0.031923145055770874,0.23807525634765625,0.07018068432807922,0.04414575546979904,0.0930018275976181,0.0893087163567543,-0.13720083236694336,-0.04069085046648979,-0.17506475746631622,-0.04292820766568184,-0.0023877285420894623,0.049997568130493164,0.059935957193374634,0.10866082459688187,-0.1531943380832672,0.24568888545036316,-0.05577760934829712,-0.06471440196037292,-0.05227133631706238,0.05050515756011009,-0.08594603836536407,-0.0359027199447155,0.09250715374946594,-0.2875633239746094,0.08648467063903809,0.1931297779083252,0.026193132624030113,0.1464099884033203,0.07049623131752014,0.050635892897844315,0.009253357537090778,-0.05559566617012024,-0.16066908836364746,-0.05572102218866348,-0.02861478179693222,-0.02991728112101555,0.0053812554106116295,0.0061407266184687614,./DataSet/30/S8_2.jpg
-0.04207048565149307,0.015496189706027508,-0.016637949272990227,-0.05460263788700104,-0.04500897228717804,-0.06415492296218872,0.017260991036891937,-0.06107456609606743,0.15098319947719574,-0.10775551199913025,0.2077491283416748,-0.02779887244105339,-0.31084752082824707,-0.10788213461637497,0.027952253818511963,0.09803767502307892,-0.12145521491765976,-0.09478741139173508,-0.15541303157806396,-0.08613070845603943,0.02390347048640251,-0.012210985645651817,0.06215080991387367,0.00207982724532485,-0.13676556944847107,-0.404116690158844,-0.09103391319513321,-0.11381245404481888,0.028835272416472435,-0.1143985167145729,0.019763782620429993,0.034264225512742996,-0.1555381864309311,-0.07078813761472702,0.04541860148310661,0.046282000839710236,-0.032240670174360275,-0.054926518350839615,0.26360756158828735,0.12371353060007095,-0.156320258975029,-0.05165247619152069,0.09378749877214432,0.30255141854286194,0.13090656697750092,0.06344734132289886,0.09619302302598953,-0.06876663118600845,0.1768014281988144,-0.2615387737751007,0.03866434469819069,0.10951613634824753,0.12316954880952835,0.06423839181661606,0.16622725129127502,-0.10691254585981369,0.0855446606874466,0.11845053732395172,-0.31008827686309814,0.13598880171775818,0.10144412517547607,-0.03945234417915344,-0.14071491360664368,-0.029866907745599747,0.2068735957145691,0.07585789263248444,-0.10666980594396591,-0.11586075276136398,0.22231771051883698,-0.20535767078399658,-0.034667402505874634,0.09924500435590744,-0.06234453618526459,-0.20128396153450012,-0.24025461077690125,-0.01990642212331295,0.40122777223587036,0.2202325016260147,-0.10027015209197998,0.008309397846460342,-0.108124278485775,-0.09655222296714783,0.06328039616346359,0.01328895054757595,-0.08765055239200592,0.07039910554885864,-0.05706581473350525,0.06812059879302979,0.2068529576063156,0.024237576872110367,0.008547674864530563,0.24760539829730988,0.04429612308740616,0.012752188369631767,0.02382410131394863,-0.011741401627659798,-0.15004071593284607,-0.037739984691143036,-0.1396474838256836,-0.04865682125091553,0.06752272695302963,-0.19255197048187256,0.07648404687643051,-0.004407184198498726,-0.26000553369522095,0.16872954368591309,-0.012564821168780327,-0.072999007999897,-0.0037279296666383743,0.021214723587036133,-0.11608535051345825,0.01748749054968357,0.13659383356571198,-0.33562225103378296,0.16713343560695648,0.23355819284915924,0.09017059952020645,0.09564175456762314,0.022345878183841705,0.007158806547522545,0.009377612732350826,-0.07549428939819336,-0.1586446911096573,-0.1435009241104126,-0.057678334414958954,-0.0035909591242671013,0.046977125108242035,0.002916734665632248,./DataSet/30/S9_6.jpg
-0.021930726245045662,0.011608651839196682,0.03458620235323906,-0.044543877243995667,-0.043786197900772095,-0.0784156396985054,-0.027408909052610397,-0.05307319015264511,0.13652923703193665,-0.103972427546978,0.22835074365139008,-0.029675327241420746,-0.28479647636413574,-0.12033369392156601,0.04991145804524422,0.09156002104282379,-0.09658714383840561,-0.08359230309724808,-0.10033896565437317,-0.0820857584476471,0.03556184098124504,-0.02364448457956314,0.07104537636041641,-0.006244132295250893,-0.14865288138389587,-0.39551642537117004,-0.09222351014614105,-0.1256169080734253,0.04302724450826645,-0.12386128306388855,0.01757497899234295,-0.007501089014112949,-0.16628140211105347,-0.0522301159799099,0.04262564331293106,0.03034508042037487,-0.0382920540869236,-0.08056308329105377,0.2668742537498474,0.08613292127847672,-0.16484184563159943,-0.06630469113588333,0.06124013662338257,0.24166414141654968,0.13500572741031647,0.07240360230207443,0.1151093989610672,-0.10194984078407288,0.20637404918670654,-0.23396730422973633,0.055012594908475876,0.11187201738357544,0.11400578171014786,0.021999947726726532,0.18678885698318481,-0.09824814647436142,0.09691318869590759,0.10886447131633759,-0.30745863914489746,0.11740411818027496,0.11484246701002121,-0.010370301082730293,-0.12345204502344131,-0.03558051958680153,0.21729111671447754,0.06729964911937714,-0.09357374906539917,-0.12192864716053009,0.2321520447731018,-0.1968635767698288,-0.034852027893066406,0.10913105309009552,-0.058830033987760544,-0.19653132557868958,-0.26487424969673157,-0.0213338453322649,0.400701105594635,0.20587576925754547,-0.11328230798244476,0.04503760114312172,-0.09315997362136841,-0.06440026313066483,0.08260592073202133,0.0095087680965662,-0.10562348365783691,0.06766727566719055,-0.06016038730740547,0.03844112157821655,0.21098098158836365,0.017507676035165787,0.013279539532959461,0.20422005653381348,0.01691516302525997,0.0343034565448761,0.03902910649776459,-0.03182012215256691,-0.15693843364715576,-0.03295469656586647,-0.11328756809234619,-0.04038181155920029,0.07460246980190277,-0.1750362068414688,0.08521639555692673,0.02398824319243431,-0.2676020860671997,0.15281298756599426,-0.036117177456617355,-0.08141715079545975,0.004757571034133434,0.039806392043828964,-0.1308925449848175,0.008992020040750504,0.11785195022821426,-0.34200698137283325,0.17536789178848267,0.18559974431991577,0.07926937937736511,0.09381979703903198,0.041129663586616516,0.04228181391954422,-0.012873297557234764,-0.06320513784885406,-0.15938520431518555,-0.14020554721355438,-0.058296337723731995,-0.007806878536939621,0.07342478632926941,-0.0017754025757312775,./DataSet/30/S9_8.jpg
